{
  "_generated": "Generated by SweetTooth, do not edit",
  "description": "A GNOME Shell drop down terminal with extra feautures.\n\n\u2592\u2588\u2580\u2580\u2584 \u2592\u2588\u2580\u2580\u2584 \u2580\u2580\u2588\u2580\u2580 \u2580\u2584\u2592\u2584\u2580 \n\u2592\u2588\u2591\u2592\u2588 \u2592\u2588\u2591\u2592\u2588 \u2591\u2592\u2588\u2591\u2591 \u2591\u2592\u2588\u2591\u2591 \n\u2592\u2588\u2584\u2584\u2580 \u2592\u2588\u2584\u2584\u2580 \u2591\u2592\u2588\u2591\u2591 \u2584\u2580\u2592\u2580\u2584\n\nIncludes: tabs, multi-monitor, font scaling support; [Focus out] / [Escape pressed] events for hide.\n\nOctober 2020 updates:\n- Gnome 3.38 support\n \nMay 2020 updates:\n- Color schemes \n\nMarch 2020 updates:\n- Gnome 3.36 support\n- \"Open in current directory\" option\n\nFebruary 2020 updates:\n- Multi monitor enhancements\n- Workarea of current monitor for maximized mode\n\nJanuary 2020 updates:\n- Fixed fullscreen window priority\n- Keybinding to maximize terminal window;\n- Keybinding to manually focus terminal window;\n- Scrolling the volume indicator not affecting terminal;\n\nNovember 2019 updates:\n- Added support for the ~/.ssh/config file.\nNow you can get quick access to any your ssh host in one click;\n- Added support for ~/.config/drop-down-terminal-x/shortcuts file\nNow you can define any action that will become available in a special drop-down list for quick launch.\nThis small improvement can improve your productivity\nSee file format at https://github.com/bigbn/drop-down-terminal-x\n- Added option to prevent terminal jumps down to the bottom on long command output\n\nSpecial thanks to:\n- Osman Alperen Elhan (https://github.com/oae)\n- Balder Claassen (https://github.com/balderclaassen)\n- Adrien Pyke (https://github.com/kufii)\n- Alan J Carvajal (https://github.com/ajcarvajal)\n- Massimo Mund (https://github.com/masmu)\n- Jakub \u017bywiec (https://github.com/jakubzet)\n- Mattias Eriksson (https://github.com/snaggen)\n- Henry78 (https://github.com/Henry78)\n- Maxim Toropov (https://github.com/MaxMaxoff)\nfor active contribution.\n\nBased on original extension \"gs-extensions-drop-down-terminal\" from St\u00e9phane D\u00e9murget (https://github.com/zzrough)",
  "gettext-domain": "drop-down-terminal-x",
  "id": "drop-down-terminal-x",
  "name": "Drop Down Terminal X",
  "shell-version": [
    "3.28.0",
    "3.28.1",
    "3.28.2",
    "3.30.0",
    "3.30.1",
    "3.30.2",
    "3.32.0",
    "3.32.1",
    "3.32.2",
    "3.34.0",
    "3.34.4",
    "3.36.0",
    "3.36.1",
    "3.36.2",
    "3.38.0"
  ],
  "url": "https://github.com/bigbn/gs-extensions-drop-down-terminal",
  "uuid": "drop-down-terminal-x@bigbn.pro",
  "version": 17
}